id	name	binary	category	subcategory	ecosystem	mac_install	linux_install	description	status	requires_root	requires_api	requires_hardware	notes	source_url	termux_status	termux_package	termux_install	termux_notes	termux_root	termux_api	termux_hardware
1	ExifTool	exiftool	Media & Image Forensics	Metadata Analysis	native	exiftool	libimage-exiftool-perl	Reads, writes, and manipulates EXIF, IPTC, XMP, GPS, and maker notes in images, video, and documents.	verified	no	no	no	Essential forensic triage engine. Supports deep recursive tag dumps (-a -u -g1).	https://github.com/exiftool/exiftool	supported	exiftool	pkg install exiftool	Verified official Termux package (exiftool).	no	no	no
2	Binwalk	binwalk	Media & Image Forensics	Firmware & File Carving	native	binwalk	binwalk	Fast signature scanner for searching binary images for embedded files and executable code.	verified	no	no	no	Automated signature-based file and filesystem extraction engine.	https://github.com/ReFirmLabs/binwalk	supported	binwalk	pkg install binwalk	Verified official Termux package (binwalk).	no	no	no
3	xxd	xxd	Media & Image Forensics	Hex & Magic Bytes	native	xxd	xxd	Creates hex dumps of binary files and performs reversible binary/hex patching.	verified	no	no	no	Standard for inspecting file headers, magic numbers, and structure boundaries.	https://github.com/vim/vim	supported	xxd	pkg install xxd	Verified official Termux package (xxd).	no	no	no
4	zsteg	zsteg	Media & Image Forensics	Steganography	ruby_gem	zsteg	zsteg	Detects hidden data and steganographic payloads in PNG and BMP bitmap channels.	verified	no	no	no	Applies LSB extraction across RGB, BGR, alpha, and prime pixel intervals.	https://github.com/zed-0xff/zsteg	supported	ruby	gem install --user-install zsteg	RubyGem running in Termux userland.	no	no	no
5	Steghide	steghide	Media & Image Forensics	Steganography	native	steghide	steghide	Hides or extracts confidential data within JPEG, BMP, WAV, and AU files using encryption.	verified	no	no	no	Classic graph-theoretic steganographic carrier tool.	https://github.com/StefanoDeVuono/steghide	supported	steghide	pkg install steghide	Verified official Termux package (steghide).	no	no	no
6	Stegseek	stegseek	Media & Image Forensics	Steganography	native	stegseek	stegseek	Lightning-fast cracker for steghide passphrases and hidden carrier extraction.	verified	no	no	no	Can process millions of wordlist passwords per second against steghide files.	https://github.com/RickdeJager/stegseek	untested	stegseek	pkg install stegseek	Untested package in Termux.	no	no	no
7	jhead	jhead	Media & Image Forensics	Metadata Analysis	native	jhead	jhead	Extracts camera settings, timestamps, and thumbnail metadata specifically from JPEG EXIF headers.	verified	no	no	no	Lightweight C utility for rapid JPEG header inspection.	https://github.com/Matthias-Wandel/jhead	supported	jhead	pkg install jhead	Verified official Termux package (jhead).	no	no	no
8	pngcheck	pngcheck	Media & Image Forensics	Integrity & Chunk Triage	native	pngcheck	pngcheck	Verifies integrity of PNG, JNG, and MNG files, checking chunk CRCs and anomalies.	verified	no	no	no	Detects trailing data, corrupted chunk lengths, and hidden ancillary blocks.	http://www.libpng.org/pub/png/apps/pngcheck.html	supported	pngcheck	pkg install pngcheck	Verified official Termux package (pngcheck).	no	no	no
9	jpeginfo	jpeginfo	Media & Image Forensics	Integrity & Chunk Triage	native	jpeginfo	jpeginfo	Generates diagnostic reports and structural integrity checks for JPEG and JFIF files.	verified	no	no	no	Detects truncated bitstreams and marker anomalies.	https://github.com/tjko/jpeginfo	supported	jpeginfo	pkg install jpeginfo	Verified official Termux package (jpeginfo).	no	no	no
10	ImageMagick	magick	Media & Image Forensics	Image Processing	native	imagemagick	imagemagick	Image manipulation, format conversion, and pixel analysis toolset.	verified	no	no	no	Provides 'identify', 'convert', and color/histogram decomposition.	https://github.com/ImageMagick/ImageMagick	supported	imagemagick	pkg install imagemagick	Verified official Termux package (imagemagick).	no	no	no
11	GraphicsMagick	gm	Media & Image Forensics	Image Processing	native	graphicsmagick	graphicsmagick	High-performance Swiss army knife of image processing and structural comparison.	verified	no	no	no	Offers fast multithreaded image comparison and verification.	http://www.graphicsmagick.org/	supported	graphicsmagick	pkg install graphicsmagick	Verified official Termux package (graphicsmagick).	no	no	no
12	Exiv2	exiv2	Media & Image Forensics	Metadata Analysis	native	exiv2	exiv2	C++ library and command-line utility to manage image metadata (Exif, IPTC, XMP, ICC profiles).	verified	no	no	no	Provides granular tag-level inspection and structural dumps.	https://github.com/Exiv2/exiv2	supported	exiv2	pkg install exiv2	Verified official Termux package (exiv2).	no	no	no
13	FFmpeg	ffmpeg	Media & Image Forensics	Audio & Video Forensics	native	ffmpeg	ffmpeg	Universal multimedia processing framework for video decoding, frame extraction, and filtering.	verified	no	no	no	Crucial for extracting keyframes, audio tracks, and container streams.	https://github.com/FFmpeg/FFmpeg	supported	ffmpeg	pkg install ffmpeg	Verified official Termux package (ffmpeg).	no	no	no
14	FFprobe	ffprobe	Media & Image Forensics	Audio & Video Forensics	native	ffmpeg	ffmpeg	Multimedia stream analyzer that outputs detailed codec, stream, and container metadata in JSON.	verified	no	no	no	Extracts frame rate, duration, audio channels, and container timestamps.	https://github.com/FFmpeg/FFmpeg	supported	ffmpeg	pkg install ffmpeg	Verified official Termux package (ffmpeg).	no	no	no
15	Foremost	foremost	Media & Image Forensics	Carving & Recovery	native	foremost	foremost	Forensic data carving program based on headers, footers, and internal data structures.	verified	no	no	no	Recovers files from raw binary disk dumps or corrupted media.	https://github.com/korczis/foremost	supported	foremost	pkg install foremost	Verified official Termux package (foremost).	no	no	no
16	Scalpel	scalpel	Media & Image Forensics	Carving & Recovery	native	scalpel	scalpel	Frugal, high-performance file carver reading configuration-based file header/footer rules.	verified	no	no	no	Optimized memory-efficient file carving implementation.	https://github.com/sleuthkit/scalpel	supported	scalpel	pkg install scalpel	Verified official Termux package (scalpel).	no	no	no
17	bulk_extractor	bulk_extractor	Media & Image Forensics	Feature Extraction	native	bulk-extractor	bulk-extractor	High-speed feature extractor scanning disk images or files without parsing filesystem structures.	verified	no	no	no	Extracts emails, URLs, domain names, credit cards, EXIF data, and decompression streams.	https://github.com/simsong/bulk_extractor	supported	bulk-extractor	pkg install bulk-extractor	Verified official Termux package (bulk-extractor).	no	no	no
18	PhotoRec	photorec	Media & Image Forensics	Carving & Recovery	native	testdisk	testdisk	Signature-based file recovery utility capable of carving 480+ file formats from raw storage.	verified	no	no	no	Bundled with TestDisk; ignores filesystem metadata to carve raw sectors.	https://github.com/cgsecurity/testdisk	supported	testdisk	pkg install testdisk	Verified official Termux package (testdisk).	no	no	no
19	TestDisk	testdisk	Media & Image Forensics	Filesystem Forensics	native	testdisk	testdisk	Checks and undeletes partitions, fixes partition tables, and recovers lost boot sectors.	verified	no	no	no	Essential disk triage tool for FAT, NTFS, ext2/3/4, and HFS+ filesystems.	https://github.com/cgsecurity/testdisk	supported	testdisk	pkg install testdisk	Verified official Termux package (testdisk).	no	no	no
20	YARA	yara	Media & Image Forensics	Pattern & Signature Matching	native	yara	yara	Pattern matching Swiss army knife for identifying and classifying malware samples and artifacts.	verified	no	no	no	Enables textual and binary pattern matching across files and processes.	https://github.com/VirusTotal/yara	supported	yara	pkg install yara	Verified official Termux package (yara).	no	no	no
21	Tesseract OCR	tesseract	Media & Image Forensics	OCR & Text Extraction	native	tesseract	tesseract-ocr	Open-source optical character recognition engine with support for over 100 languages.	verified	no	no	no	Extracts text from screenshots, scanned documents, and image evidence.	https://github.com/tesseract-ocr/tesseract	supported	tesseract	pkg install tesseract	Verified official Termux package (tesseract).	no	no	no
22	GPSBabel	gpsbabel	Media & Image Forensics	GEOINT & Navigation	native	gpsbabel	gpsbabel	Converts waypoints, tracks, and routes between popular GPS data formats (GPX, KML, NMEA).	verified	no	no	no	Handles coordinate transforms and GPS log parsing.	https://github.com/gpsbabel/gpsbabel	supported	gpsbabel	pkg install gpsbabel	Verified official Termux package (gpsbabel).	no	no	no
23	GDAL Info	gdalinfo	Media & Image Forensics	GEOINT & Geospatial	native	gdal	gdal-bin	Lists information about raster geospatial datasets, projections, and ground control points.	verified	no	no	no	Crucial for satellite imagery, GeoTIFF, and coordinate system verification.	https://github.com/OSGeo/gdal	supported	gdal	pkg install gdal	Verified official Termux package (gdal).	no	no	no
24	MediaInfo	mediainfo	Media & Image Forensics	Audio & Video Forensics	native	mediainfo	mediainfo	Displays technical and tag information about video and audio files across hundreds of formats.	verified	no	no	no	Exposes container encoding profiles, writing application tags, and bitrates.	https://github.com/MediaArea/MediaInfo	supported	mediainfo	pkg install mediainfo	Verified official Termux package (mediainfo).	no	no	no
25	yt-dlp	yt-dlp	Media & Image Forensics	Media Acquisition	pipx	yt-dlp	yt-dlp	Command-line media downloader supporting thousands of video and streaming websites.	verified	no	no	no	Preserves forensic copies of public video/audio evidence with metadata.	https://github.com/yt-dlp/yt-dlp	supported	python	pip install yt-dlp	Python package running in isolated Termux venv/userland.	no	no	no
26	gallery-dl	gallery-dl	Media & Image Forensics	Media Acquisition	pipx	gallery-dl	gallery-dl	Image gallery downloader for public image hosting services, social platforms, and forums.	verified	no	no	no	Archives public image collections with original EXIF data intact.	https://github.com/mikf/gallery-dl	supported	python	pip install gallery-dl	Python package running in isolated Termux venv/userland.	no	no	no
27	OCRmyPDF	ocrmypdf	Media & Image Forensics	OCR & Text Extraction	pipx	ocrmypdf	ocrmypdf	Adds an OCR text layer to scanned PDF files, enabling full-text search while preserving images.	verified	no	no	no	Uses Tesseract engine under the hood for clean PDF text generation.	https://github.com/ocrmypdf/OCRmyPDF	supported	python	pip install ocrmypdf	Python package running in isolated Termux venv/userland.	no	no	no
28	ZBar	zbarimg	Media & Image Forensics	Barcode & QR Forensics	native	zbar	zbar-tools	Scans and decodes QR codes, EAN, UPC, Code 128, and other 1D/2D barcodes from images.	verified	no	no	no	Outputs decoded payload strings directly to stdout.	https://github.com/mchehab/zbar	supported	zbar	pkg install zbar	Verified official Termux package (zbar).	no	no	no
29	Hachoir Metadata	hachoir-metadata	Media & Image Forensics	Metadata Analysis	pipx	hachoir	hachoir	Extracts metadata from multimedia, archive, document, and binary executable formats.	verified	no	no	no	Inspects audio, video, picture, and container formats without running untrusted code.	https://github.com/vstinner/hachoir	supported	python	pip install hachoir	Python package running in isolated Termux venv/userland.	no	no	no
30	WebP Tools	cwebp	Media & Image Forensics	Format Conversion	native	webp	webp	Encodes and decodes WebP image assets and displays compression profile metadata.	verified	no	no	no	Includes cwebp, dwebp, and webpinfo.	https://chromium.googlesource.com/webm/libwebp	supported	libwebp	pkg install libwebp	Verified official Termux package (libwebp).	no	no	no
31	AVIF Tools	avifdec	Media & Image Forensics	Format Conversion	native	libavif	libavif-bin	Decodes AVIF image formats into PNG/JPEG for downstream forensic processing.	verified	no	no	no	Reference implementation for AV1 Still Image File Format.	https://github.com/AOMediaCodec/libavif	supported	libavif	pkg install libavif	Verified official Termux package (libavif).	no	no	no
32	HEIF Tools	heif-convert	Media & Image Forensics	Format Conversion	native	libheif	libheif-examples	Converts Apple/ISO HEIC and HEIF photos to PNG/JPEG preserving EXIF and depth layers.	verified	no	no	no	Essential for processing modern mobile device evidence captures.	https://github.com/strukturag/libheif	supported	libheif	pkg install libheif	Verified official Termux package (libheif).	no	no	no
33	Osmium Tool	osmium	Media & Image Forensics	GEOINT & Geospatial	native	osmium-tool	osmium-tool	Fast processing of OpenStreetMap data in PBF, XML, and OSM formats.	verified	no	no	no	Filters, extracts, and summarizes geospatial OSM objects.	https://github.com/osmcode/osmium-tool	untested	osmium	pkg install osmium	Untested package in Termux.	no	no	no
34	OutGuess	outguess	Media & Image Forensics	Steganography	native	outguess	outguess	Universal steganographic tool that allows the insertion of hidden data into redundant bits of data sources.	verified	no	no	no	Used to extract or embed data in JPEG images using statistical preservation.	https://github.com/resurrecting-open-source-projects/outguess	untested	outguess	pkg install outguess	Untested package in Termux.	no	no	no
35	Sherlock	sherlock	Identity, Social & SOCMINT	Username Search	pipx	sherlock-project	sherlock-project	Hunts down social media accounts by username across hundreds of public online services.	verified	no	no	no	Fast concurrent requests, false-positive detection, outputs text and CSV.	https://github.com/sherlock-project/sherlock	supported	python	pip install sherlock-project	Python package running in isolated Termux venv/userland.	no	no	no
36	Maigret	maigret	Identity, Social & SOCMINT	Username Dossier	pipx	maigret	maigret	Collects a detailed dossier on a person by username across 3,000+ public websites and platforms.	verified	no	no	no	Generates rich HTML/PDF reports, extracts avatars, links, tags, and IDs.	https://github.com/soxoj/maigret	supported	python	pip install maigret	Python package running in isolated Termux venv/userland.	no	no	no
37	Blackbird	blackbird	Identity, Social & SOCMINT	Username Search	pipx	blackbird-osint	blackbird-osint	Fast OSINT tool to search for accounts by username across 500+ websites.	verified	no	no	no	Asynchronous requests with metadata extraction from target profile pages.	https://github.com/p1ngul1n0/blackbird	supported	python	pip install blackbird-osint	Python package running in isolated Termux venv/userland.	no	no	no
38	Socialscan	socialscan	Identity, Social & SOCMINT	Username & Email Check	pipx	socialscan	socialscan	Offers accurate username and email address availability checking without rate-limit issues.	verified	no	no	no	Checks registration status on popular online services with high precision.	https://github.com/iojw/socialscan	supported	python	pip install socialscan	Python package running in isolated Termux venv/userland.	no	no	no
39	sn0int	sn0int	Identity, Social & SOCMINT	Reconnaissance Framework	cargo	sn0int	sn0int	Semi-automatic OSINT framework and package manager designed to harvest intelligence and graph relations.	verified	no	no	no	Written in Rust; provides sandbox scripting for multi-source OSINT correlation.	https://github.com/kpcyrd/sn0int	supported	rust	cargo install sn0int	Compiled via Termux Cargo package.	no	no	no
40	Recon-ng	recon-ng	Identity, Social & SOCMINT	Reconnaissance Framework	native	recon-ng	recon-ng	Full-featured modular Web Reconnaissance framework with interactive console and database backend.	verified	no	no	no	Modular architecture similar to Metasploit for open-source intelligence gathering.	https://github.com/lanmaster53/recon-ng	untested	recon-ng	pkg install recon-ng	Untested package in Termux.	no	no	no
41	SpiderFoot	spiderfoot	Identity, Social & SOCMINT	OSINT Automation	pipx	spiderfoot	spiderfoot	Automated OSINT collection engine integrating 200+ modules for domains, IPs, emails, and names.	verified	no	no	no	Supports both CLI execution ('spiderfoot -s <target>') and web UI.	https://github.com/smicallef/spiderfoot	supported	python	pip install spiderfoot	Python package running in isolated Termux venv/userland.	no	no	no
42	Twarc	twarc2	Identity, Social & SOCMINT	Social Data Archival	pipx	twarc	twarc	Command line tool and Python library for archiving Twitter/X JSON data.	verified	no	yes	no	Requires Twitter API credentials for official archival.	https://github.com/DocNow/twarc	supported	python	pip install twarc	Python package running in isolated Termux venv/userland.	no	no	no
43	Snscrape	snscrape	Identity, Social & SOCMINT	Social Data Scraping	pipx	snscrape	snscrape	Scraper for social networking services such as Twitter, Facebook, Instagram, Reddit, and VKontakte.	verified	no	no	no	Extracts public posts and profiles without requiring API keys.	https://github.com/JustAnotherArchivist/snscrape	supported	python	pip install snscrape	Python package running in isolated Termux venv/userland.	no	no	no
44	Snoop	snoop	Identity, Social & SOCMINT	Username Search	manual	manual	manual	Searches for public user accounts across thousands of Russian, CIS, and global internet services.	manual	no	no	no	Maintained via dedicated releases and Git repository.	https://github.com/snooppr/snoop	untested	snoop	pkg install snoop	Untested package in Termux.	no	no	no
45	WhatsMyName	whatsmyname	Identity, Social & SOCMINT	Username Database	manual	manual	manual	Central community-curated JSON database and detection rules for username enumeration.	manual	no	no	no	Upstream dataset consumed by Sherlock, Maigret, and Blackbird.	https://github.com/WebBreacher/WhatsMyName	untested	whatsmyname	pkg install whatsmyname	Untested package in Termux.	no	no	no
46	DiscordChatExporter	DiscordChatExporter-CLI	Identity, Social & SOCMINT	Channel Archival	manual	manual	manual	Exports chat logs from authorized Discord channels to HTML, JSON, CSV, or plain text.	manual	no	yes	no	.NET Core CLI application for lawful message preservation.	https://github.com/Tyrrrz/DiscordChatExporter	untested	discordchatexporter-cli	pkg install discordchatexporter-cli	Untested package in Termux.	no	no	no
47	Holehe	holehe	Email, Breach & Leak Intelligence	Account Discovery	pipx	holehe	holehe	Checks if an email is attached to an account on 120+ public websites without sending notifications.	verified	no	no	no	Uses password-reset endpoints and registration checks.	https://github.com/megadose/holehe	supported	python	pip install holehe	Python package running in isolated Termux venv/userland.	no	no	no
48	h8mail	h8mail	Email, Breach & Leak Intelligence	Breach Intelligence	pipx	h8mail	h8mail	Email breach intelligence and password hunting tool using local breach dumps and public search APIs.	verified	no	optional	no	Supports HaveIBeenPwned, Hunter, Snusbase, and local directory indexing.	https://github.com/khast3x/h8mail	supported	python	pip install h8mail	Python package running in isolated Termux venv/userland.	no	no	no
49	theHarvester	theHarvester	Email, Breach & Leak Intelligence	Public OSINT Aggregation	pipx	theHarvester	theHarvester	Gathers emails, names, subdomains, IPs, and URLs using search engines, PGP key servers, and passive APIs.	verified	no	optional	no	Passive search engine aggregator for organizational exposure audits.	https://github.com/laramies/theHarvester	supported	python	pip install theHarvester	Python package running in isolated Termux venv/userland.	no	no	no
50	GHunt	ghunt	Email, Breach & Leak Intelligence	Google Account OSINT	pipx	ghunt	ghunt	Modular offensive and defensive OSINT tool to extract information from Google accounts and emails.	verified	no	no	no	Extracts Google ID, Maps contributions, Hangouts/Chat data, and profile photos.	https://github.com/mxrch/GHunt	supported	python	pip install ghunt	Python package running in isolated Termux venv/userland.	no	no	no
51	EmailRep	emailrep	Email, Breach & Leak Intelligence	Email Reputation	pipx	emailrep	emailrep	Scores email addresses against reputation indicators, deliverability signals, and breach records.	verified	no	optional	no	Queries EmailRep.io database for risk and credentials exposure.	https://github.com/sublime-security/emailrep.io-python	supported	python	pip install emailrep	Python package running in isolated Termux venv/userland.	no	no	no
52	Gitleaks	gitleaks	Email, Breach & Leak Intelligence	Secret & Credential Scanning	native	gitleaks	gitleaks	High-performance SAST tool for detecting hardcoded secrets like passwords, API keys, and tokens in git repos.	verified	no	no	no	Audits full git commit histories for exposed developer credentials.	https://github.com/gitleaks/gitleaks	supported	gitleaks	pkg install gitleaks	Verified official Termux package (gitleaks).	no	no	no
53	TruffleHog	trufflehog	Email, Breach & Leak Intelligence	Secret & Credential Scanning	native	trufflehog	trufflehog	Finds credentials and secrets across git repositories, filesystems, and S3 buckets with verification.	verified	no	no	no	Actively verifies if discovered tokens (AWS, Slack, GitHub) are valid.	https://github.com/trufflesecurity/trufflehog	supported	trufflehog	pkg install trufflehog	Verified official Termux package (trufflehog).	no	no	no
54	GitGuardian Shield	ggshield	Email, Breach & Leak Intelligence	Secret & Credential Scanning	pipx	ggshield	ggshield	CLI application to scan files, repositories, and CI environments for 400+ types of secrets and credentials.	verified	no	optional	no	Scans local commits and staged diffs prior to pushing.	https://github.com/GitGuardian/ggshield	supported	python	pip install ggshield	Python package running in isolated Termux venv/userland.	no	no	no
55	CeWL	cewl	Email, Breach & Leak Intelligence	Custom Wordlist Generator	ruby_gem	cewl	cewl	Custom wordlist generator spidering websites to a specified depth to extract industry-specific vocabulary.	verified	no	no	no	Extracts unique words and author metadata for authorized password auditing.	https://github.com/digininja/CeWL	supported	ruby	gem install --user-install cewl	RubyGem running in Termux userland.	no	no	no
56	John the Ripper	john	Email, Breach & Leak Intelligence	Hash Analysis & Audit	native	john	john	Fast password hash auditing tool and recovery engine supporting hundreds of hash and cipher types.	verified	no	no	no	Includes zip2john, rar2john, pdf2john, and ssh2john hash extractors.	https://github.com/openwall/john	supported	john	pkg install john	Verified official Termux package (john).	no	no	no
57	Hashcat	hashcat	Email, Breach & Leak Intelligence	Hash Analysis & Audit	native	hashcat	hashcat	World's fastest and most advanced password recovery and hash auditing utility.	verified	no	no	no	Hardware-accelerated (OpenCL/Metal/CUDA) rule-based hash auditing engine.	https://github.com/hashcat/hashcat	untested	hashcat	pkg install hashcat	Untested package in Termux.	no	no	no
58	Intelligence X CLI	intelx	Email, Breach & Leak Intelligence	Breach & Archive Search	pipx	intelx	intelx	Official Python SDK and CLI tool for Intelligence X (intelx.io) search and archive engine.	verified	no	yes	no	Searches selector terms across historical darknet dumps, pastes, and web archives.	https://github.com/IntelligenceX/SDK	supported	python	pip install intelx	Python package running in isolated Termux venv/userland.	no	no	no
59	TShark	tshark	Network, PCAP & Wireless Forensics	Packet Dissection	native	tshark	tshark	Terminal-oriented network protocol analyzer that parses packets live or from capture files (pcap/pcapng).	verified	no	no	no	Primary engine for offline protocol hierarchy, DNS, TLS SNI, and HTTP extraction.	https://gitlab.com/wireshark/wireshark	supported	tshark	pkg install tshark	Offline PCAP file analysis fully supported without root. Live capture requires root.	no	no	no
60	Capinfos	capinfos	Network, PCAP & Wireless Forensics	Capture File Triage	native	tshark	tshark	Prints statistical information about capture files (encapsulation, packet count, times).	verified	no	no	no	Part of the Wireshark suite; essential first step in PCAP triage.	https://gitlab.com/wireshark/wireshark	supported	tshark	pkg install tshark	Verified official Termux package (tshark).	no	no	no
61	Editcap	editcap	Network, PCAP & Wireless Forensics	Capture File Manipulation	native	tshark	tshark	Selects, extracts, trims, or translates packets from one capture file into another.	verified	no	no	no	Splits large PCAPs or removes duplicate frames.	https://gitlab.com/wireshark/wireshark	supported	tshark	pkg install tshark	Verified official Termux package (tshark).	no	no	no
62	Mergecap	mergecap	Network, PCAP & Wireless Forensics	Capture File Manipulation	native	tshark	tshark	Combines multiple saved capture files into a single chronologically sorted output capture file.	verified	no	no	no	Merges disparate sensor captures into a chronological timeline.	https://gitlab.com/wireshark/wireshark	supported	tshark	pkg install tshark	Verified official Termux package (tshark).	no	no	no
63	tcpdump	tcpdump	Network, PCAP & Wireless Forensics	Packet Capture	native	tcpdump	tcpdump	Command-line packet analyzer and capture utility utilizing libpcap filters.	verified	yes	no	no	Industry standard for live packet filtering and capture to disk.	https://github.com/the-tcpdump-group/tcpdump	root_required	tcpdump	pkg install tcpdump	Raw packet transmission or promiscuous mode requires root on Android.	yes	no	no
64	Nmap	nmap	Network, PCAP & Wireless Forensics	Network Discovery	native	nmap	nmap	Network exploration tool and security / port scanner with NSE scripting engine.	verified	optional	no	no	Audits open ports, OS fingerprinting, and service versions.	https://github.com/nmap/nmap	supported	nmap	pkg install nmap	Standard TCP connect scans (-sT) and service probing work without root. Raw SYN scans (-sS) require root.	no	no	no
65	Masscan	masscan	Network, PCAP & Wireless Forensics	Asynchronous Port Scanner	native	masscan	masscan	Asynchronous TCP port scanner transmitting SYN packets at up to 10 million packets per second.	verified	yes	no	no	Designed for large-scale IP range auditing.	https://github.com/robertdavidgraham/masscan	root_required	masscan	pkg install masscan	Raw packet transmission or promiscuous mode requires root on Android.	yes	no	no
66	RustScan	rustscan	Network, PCAP & Wireless Forensics	Fast Port Scanner	cargo	rustscan	rustscan	Fast port scanner written in Rust that quickly scans all 65,535 ports and pipes results into Nmap.	verified	no	no	no	Modern, ergonomic port scanner with adaptive timing.	https://github.com/RustScan/RustScan	supported	rust	cargo install rustscan	Compiled via Termux Cargo package.	no	no	no
67	Aircrack-NG	aircrack-ng	Network, PCAP & Wireless Forensics	802.11 Wireless Forensics	native	aircrack-ng	aircrack-ng	Complete suite of wireless security assessment tools to capture, filter, and audit 802.11 traffic.	verified	no	no	no	Evaluates WEP/WPA/WPA2 capture handshakes from offline PCAPs.	https://github.com/aircrack-ng/aircrack-ng	hardware_dependent	aircrack-ng	pkg install aircrack-ng	Requires rooted Android kernel with wireless monitor-mode drivers or external USB OTG adapter.	yes	no	yes
68	hcxpcapngtool	hcxpcapngtool	Network, PCAP & Wireless Forensics	802.11 Wireless Forensics	native	hcxtools	hcxtools	Converts PCAPNG capture files containing 802.11 frames to Hashcat (22000) and John hash formats.	verified	no	no	no	Extracts PMKID and 4-way handshakes cleanly from capture files.	https://github.com/ZerBea/hcxtools	hardware_dependent	hcxtools	pkg install hcxtools	Requires rooted Android kernel with wireless monitor-mode drivers or external USB OTG adapter.	yes	no	yes
69	Zeek	zeek	Network, PCAP & Wireless Forensics	Network Security Monitoring	native	zeek	zeek	Open-source network security monitoring platform converting packet streams into structured connection logs.	verified	no	no	no	Generates conn.log, dns.log, http.log, and ssl.log from PCAPs.	https://github.com/zeek/zeek	untested	zeek	pkg install zeek	Untested package in Termux.	no	no	no
70	Suricata	suricata	Network, PCAP & Wireless Forensics	IDS / IPS Engine	native	suricata	suricata	Mature, high-performance Network Threat Detection and PCAP intrusion analysis engine.	verified	no	no	no	Evaluates PCAPs against emerging threats and signature rulesets (eve.json).	https://github.com/OISF/suricata	untested	suricata	pkg install suricata	Untested package in Termux.	no	no	no
71	arp-scan	arp-scan	Network, PCAP & Wireless Forensics	Local Layer-2 Discovery	native	arp-scan	arp-scan	Sends ARP packets to discover and fingerprint active IPv4 hosts on local Ethernet/Wi-Fi networks.	verified	yes	no	no	Fast MAC address and NIC vendor identification.	https://github.com/royhills/arp-scan	untested	arp-scan	pkg install arp-scan	Untested package in Termux.	no	no	no
72	Netdiscover	netdiscover	Network, PCAP & Wireless Forensics	Local Layer-2 Discovery	native	netdiscover	netdiscover	Active/passive ARP reconnaissance tool for finding live hosts on wireless or switched LANs.	verified	yes	no	no	Supports passive sniffing mode without transmitting ARP queries.	https://github.com/netdiscover-scanner/netdiscover	untested	netdiscover	pkg install netdiscover	Untested package in Termux.	no	no	no
73	hping3	hping3	Network, PCAP & Wireless Forensics	Packet Crafting	native	hping	hping3	Network tool able to send custom TCP/IP packets and display target replies for firewall testing.	verified	yes	no	no	Performs traceroute, MTU discovery, and firewall rule auditing.	https://github.com/antirez/hping	root_required	hping3	pkg install hping3	Raw packet transmission or promiscuous mode requires root on Android.	yes	no	no
74	Mitmproxy	mitmproxy	Network, PCAP & Wireless Forensics	HTTP/HTTPS Inspection	pipx	mitmproxy	mitmproxy	Interactive TLS-capable intercepting HTTP/HTTPS proxy and traffic analysis console.	verified	no	no	no	Includes mitmdump for scriptable headless capture parsing.	https://github.com/mitmproxy/mitmproxy	supported	python	pip install mitmproxy	Python package running in isolated Termux venv/userland.	no	no	no
75	Subfinder	subfinder	Domain, DNS & Infrastructure Intelligence	Subdomain Discovery	go	subfinder	github.com/projectdiscovery/subfinder/v2/cmd/subfinder@latest	Fast passive subdomain enumeration tool that discovers valid subdomains using passive online sources.	verified	no	optional	no	Queries dozens of passive DNS, certificate transparency, and search services.	https://github.com/projectdiscovery/subfinder	supported	golang	go install github.com/projectdiscovery/subfinder/v2/cmd/subfinder@latest	Compiled natively via Termux Go toolchain into $HOME/go/bin.	no	no	no
76	Amass	amass	Domain, DNS & Infrastructure Intelligence	Network Mapping & Attack Surface	go	amass	github.com/owasp-amass/amass/v4/...@latest	In-depth attack surface mapping and external asset discovery framework using open-source intelligence.	verified	no	optional	no	OWASP project; provides passive mapping and graph database correlation.	https://github.com/owasp-amass/amass	supported	golang	go install github.com/owasp-amass/amass/v4/...@latest	Compiled natively via Termux Go toolchain into $HOME/go/bin.	no	no	no
77	Assetfinder	assetfinder	Domain, DNS & Infrastructure Intelligence	Subdomain Discovery	go	github.com/tomnomnom/assetfinder@latest	github.com/tomnomnom/assetfinder@latest	Finds domains and subdomains related to a given target domain using various public feeds.	verified	no	no	no	Classic, lightweight TomNomNom utility.	https://github.com/tomnomnom/assetfinder	supported	golang	go install github.com/tomnomnom/assetfinder@latest	Compiled natively via Termux Go toolchain into $HOME/go/bin.	no	no	no
78	dnsx	dnsx	Domain, DNS & Infrastructure Intelligence	DNS Resolver & Prober	go	dnsx	github.com/projectdiscovery/dnsx/cmd/dnsx@latest	Fast and multi-purpose DNS toolkit allowing multiple DNS queries, resolution, and brute-forcing.	verified	no	no	no	High-throughput resolver with automatic retry and response validation.	https://github.com/projectdiscovery/dnsx	supported	golang	go install github.com/projectdiscovery/dnsx/cmd/dnsx@latest	Compiled natively via Termux Go toolchain into $HOME/go/bin.	no	no	no
79	httpx	httpx	Domain, DNS & Infrastructure Intelligence	HTTP Probing & Tech Detect	go	httpx	github.com/projectdiscovery/httpx/cmd/httpx@latest	Fast and multi-purpose HTTP toolkit for probing web servers, status codes, titles, and technologies.	verified	no	no	no	Performs TLS probe, CDN detection, redirect chains, and technology fingerprinting.	https://github.com/projectdiscovery/httpx	supported	golang	go install github.com/projectdiscovery/httpx/cmd/httpx@latest	Compiled natively via Termux Go toolchain into $HOME/go/bin.	no	no	no
80	Naabu	naabu	Domain, DNS & Infrastructure Intelligence	Port Scanner	go	naabu	github.com/projectdiscovery/naabu/v2/cmd/naabu@latest	Fast SYN/CONNECT port scanner focused on reliability, simplicity, and integration into OSINT pipelines.	verified	optional	no	no	Chains directly with httpx and nmap.	https://github.com/projectdiscovery/naabu	supported	golang	go install github.com/projectdiscovery/naabu/v2/cmd/naabu@latest	Compiled natively via Termux Go toolchain into $HOME/go/bin.	no	no	no
81	Katana	katana	Domain, DNS & Infrastructure Intelligence	Web Crawling & Spidering	go	katana	github.com/projectdiscovery/katana/cmd/katana@latest	Web crawling and spidering framework supporting headless automation and JS parsing.	verified	no	no	no	Extracts endpoints, API paths, and hidden parameters.	https://github.com/projectdiscovery/katana	supported	golang	go install github.com/projectdiscovery/katana/cmd/katana@latest	Compiled natively via Termux Go toolchain into $HOME/go/bin.	no	no	no
82	Nuclei	nuclei	Domain, DNS & Infrastructure Intelligence	Vulnerability & Config Scanner	go	nuclei	github.com/projectdiscovery/nuclei/v3/cmd/nuclei@latest	Fast and customizable vulnerability and misconfiguration scanner based on community YAML templates.	verified	no	no	no	Scans for known CVEs, exposed panels, misconfigurations, and tokens.	https://github.com/projectdiscovery/nuclei	supported	golang	go install github.com/projectdiscovery/nuclei/v3/cmd/nuclei@latest	Compiled natively via Termux Go toolchain into $HOME/go/bin.	no	no	no
83	Uncover	uncover	Domain, DNS & Infrastructure Intelligence	Cyber-Search Aggregator	go	uncover	github.com/projectdiscovery/uncover/cmd/uncover@latest	Quickly discovers exposed hosts across Shodan, Censys, FOFA, Hunter, ZoomEye, and Criminal IP.	verified	no	yes	no	API client querying global internet intelligence engines.	https://github.com/projectdiscovery/uncover	supported	golang	go install github.com/projectdiscovery/uncover/cmd/uncover@latest	Compiled natively via Termux Go toolchain into $HOME/go/bin.	no	no	no
84	Notify	notify	Domain, DNS & Infrastructure Intelligence	Pipeline Notification	go	notify	github.com/projectdiscovery/notify/cmd/notify@latest	Pipes command-line pipeline findings directly to Discord, Slack, Telegram, and webhooks.	verified	no	optional	no	Facilitates real-time alerts for automated recon workflows.	https://github.com/projectdiscovery/notify	supported	golang	go install github.com/projectdiscovery/notify/cmd/notify@latest	Compiled natively via Termux Go toolchain into $HOME/go/bin.	no	no	no
85	GAU	gau	Domain, DNS & Infrastructure Intelligence	Historical URL Extraction	go	gau	github.com/lc/gau/v2/cmd/gau@latest	Fetches known URLs from AlienVault OTX, Wayback Machine, and Common Crawl for any given domain.	verified	no	no	no	Finds forgotten subdomains, historical endpoints, and archived parameters.	https://github.com/lc/gau	supported	golang	go install github.com/lc/gau/v2/cmd/gau@latest	Compiled natively via Termux Go toolchain into $HOME/go/bin.	no	no	no
86	Waybackurls	waybackurls	Domain, DNS & Infrastructure Intelligence	Historical URL Extraction	go	github.com/tomnomnom/waybackurls@latest	github.com/tomnomnom/waybackurls@latest	Fetches all URLs that the Wayback Machine has indexed for a given domain name.	verified	no	no	no	Fast stream-oriented URL fetcher for reconnaissance.	https://github.com/tomnomnom/waybackurls	supported	golang	go install github.com/tomnomnom/waybackurls@latest	Compiled natively via Termux Go toolchain into $HOME/go/bin.	no	no	no
87	Gowitness	gowitness	Domain, DNS & Infrastructure Intelligence	Web Screenshotting	go	github.com/sensepost/gowitness@latest	github.com/sensepost/gowitness@latest	Golang web screenshot utility using Chrome Headless to generate visual asset catalogs of web servers.	verified	no	no	no	Generates visual inspection reports and stores DOM headers.	https://github.com/sensepost/gowitness	supported	golang	go install github.com/sensepost/gowitness@latest	Compiled natively via Termux Go toolchain into $HOME/go/bin.	no	no	no
88	dig	dig	Domain, DNS & Infrastructure Intelligence	DNS Lookup	native	bind	dnsutils	Flexible command-line tool for interrogating DNS name servers and inspecting RR records.	verified	no	no	no	Standard for querying A, AAAA, MX, NS, TXT, SOA, and CNAME records.	https://gitlab.isc.org/isc-projects/bind9	supported	dnsutils	pkg install dnsutils	Verified official Termux package (dnsutils).	no	no	no
89	whois	whois	Domain, DNS & Infrastructure Intelligence	Registration Data	native	whois	whois	Client for the WHOIS protocol to retrieve domain registration, registrar, and IP block allocation data.	verified	no	no	no	Identifies registrant organizations, nameservers, and expiration dates.	https://github.com/rfc1036/whois	supported	whois	pkg install whois	Verified official Termux package (whois).	no	no	no
90	DNSRecon	dnsrecon	Domain, DNS & Infrastructure Intelligence	DNS Enumeration	pipx	dnsrecon	dnsrecon	DNS enumeration tool performing zone transfers, reverse lookups, SRV records, and cache snooping.	verified	no	no	no	Automated DNS security assessments and record brute-forcing.	https://github.com/darkoperator/dnsrecon	supported	python	pip install dnsrecon	Python package running in isolated Termux venv/userland.	no	no	no
91	dnstwist	dnstwist	Domain, DNS & Infrastructure Intelligence	Typosquatting & Phishing	pipx	dnstwist	dnstwist	Domain name permutation engine for detecting typosquatting, phishing domains, and brand impersonation.	verified	no	no	no	Generates homoglyphs, bitquatting, and transposition domains and resolves them.	https://github.com/elceef/dnstwist	supported	python	pip install dnstwist	Python package running in isolated Termux venv/userland.	no	no	no
92	WafW00f	wafw00f	Domain, DNS & Infrastructure Intelligence	WAF Fingerprinting	pipx	wafw00f	wafw00f	Identifies and fingerprints Web Application Firewall (WAF) products protecting a website.	verified	no	no	no	Detects Cloudflare, Akamai, AWS WAF, Imperva, ModSecurity, and 100+ others.	https://github.com/EnableSecurity/wafw00f	supported	python	pip install wafw00f	Python package running in isolated Termux venv/userland.	no	no	no
93	Prowler	prowler	Domain, DNS & Infrastructure Intelligence	Cloud Security Assessment	pipx	prowler	prowler	Security tool to perform cloud security assessments, audits, and compliance checks (AWS, Azure, GCP).	verified	no	yes	no	Evaluates CIS benchmarks, GDPR, HIPAA, and cloud misconfigurations.	https://github.com/prowler-cloud/prowler	supported	python	pip install prowler	Python package running in isolated Termux venv/userland.	no	no	no
94	Shodan CLI	shodan	Domain, DNS & Infrastructure Intelligence	Internet Scanner Search	pipx	shodan	shodan	Command-line interface to the Shodan search engine for discovering connected devices and services.	verified	no	yes	no	Allows IP lookups, query searches, and host intelligence summaries.	https://github.com/achillean/shodan-python	supported	python	pip install shodan	Python package running in isolated Termux venv/userland.	no	no	no
95	Censys CLI	censys	Domain, DNS & Infrastructure Intelligence	Internet Scanner Search	pipx	censys	censys	Command-line interface for the Censys search engine for querying internet-wide scan data and certificates.	verified	no	yes	no	Audits certificates, TLS fingerprints, and exposed ports across hosts.	https://github.com/censys/censys-python	supported	python	pip install censys	Python package running in isolated Termux venv/userland.	no	no	no
96	S3Scanner	s3scanner	Domain, DNS & Infrastructure Intelligence	Cloud Storage Exposure	pipx	s3scanner	s3scanner	Scans open Amazon S3 buckets and dumps their contents to discover exposed corporate assets.	verified	no	no	no	Checks bucket permissions (read, write, list) on target names.	https://github.com/sa7mon/S3Scanner	supported	python	pip install s3scanner	Python package running in isolated Termux venv/userland.	no	no	no
97	MapCIDR	mapcidr	Domain, DNS & Infrastructure Intelligence	IP & Subnet Utility	go	github.com/projectdiscovery/mapcidr/cmd/mapcidr@latest	github.com/projectdiscovery/mapcidr/cmd/mapcidr@latest	Utility for subnet calculation, CIDR expansion, slicing, and IP range manipulation.	verified	no	no	no	Streamlines IP list preprocessing for port scanning engines.	https://github.com/projectdiscovery/mapcidr	supported	golang	go install github.com/projectdiscovery/mapcidr/cmd/mapcidr@latest	Compiled natively via Termux Go toolchain into $HOME/go/bin.	no	no	no
98	ASNmap	asnmap	Domain, DNS & Infrastructure Intelligence	ASN & IP Intelligence	go	github.com/projectdiscovery/asnmap/cmd/asnmap@latest	github.com/projectdiscovery/asnmap/cmd/asnmap@latest	Gathers network ranges and CIDRs assigned to autonomous system numbers, organizations, or domains.	verified	no	no	no	Fast IP infrastructure reconnaissance by organization name.	https://github.com/projectdiscovery/asnmap	supported	golang	go install github.com/projectdiscovery/asnmap/cmd/asnmap@latest	Compiled natively via Termux Go toolchain into $HOME/go/bin.	no	no	no
99	CDNcheck	cdncheck	Domain, DNS & Infrastructure Intelligence	CDN & WAF Identification	go	github.com/projectdiscovery/cdncheck/cmd/cdncheck@latest	github.com/projectdiscovery/cdncheck/cmd/cdncheck@latest	Identifies whether an IP address belongs to a known CDN, cloud provider, or WAF network.	verified	no	no	no	Helps distinguish real origin servers from edge reverse proxies.	https://github.com/projectdiscovery/cdncheck	supported	golang	go install github.com/projectdiscovery/cdncheck/cmd/cdncheck@latest	Compiled natively via Termux Go toolchain into $HOME/go/bin.	no	no	no
100	TLSx	tlsx	Domain, DNS & Infrastructure Intelligence	TLS & Certificate Recon	go	github.com/projectdiscovery/tlsx/cmd/tlsx@latest	github.com/projectdiscovery/tlsx/cmd/tlsx@latest	Fast and configurable TLS data grabber and certificate parser extracting SANs, issuers, and ciphers.	verified	no	no	no	Discovers related domains hidden in X.509 Subject Alternative Name (SAN) fields.	https://github.com/projectdiscovery/tlsx	supported	golang	go install github.com/projectdiscovery/tlsx/cmd/tlsx@latest	Compiled natively via Termux Go toolchain into $HOME/go/bin.	no	no	no
101	pdfinfo	pdfinfo	Document & Metadata Harvesting	PDF Metadata	native	poppler	poppler-utils	Prints the contents of the Info dictionary (title, author, creator, producer, dates) from a PDF file.	verified	no	no	no	Standard Poppler utility for instant PDF header inspection.	https://poppler.freedesktop.org/	supported	poppler	pkg install poppler	Verified official Termux package (poppler).	no	no	no
102	pdftotext	pdftotext	Document & Metadata Harvesting	Text Extraction	native	poppler	poppler-utils	Converts Portable Document Format (PDF) files to plain text while maintaining original layout.	verified	no	no	no	Enables fast regular-expression searching across document bodies.	https://poppler.freedesktop.org/	supported	poppler	pkg install poppler	Verified official Termux package (poppler).	no	no	no
103	pdfimages	pdfimages	Document & Metadata Harvesting	Image Extraction	native	poppler	poppler-utils	Extracts all embedded images from a PDF file in their native formats (JPEG, TIFF, PNG).	verified	no	no	no	Extracts embedded diagrams and photos without rasterizing page layouts.	https://poppler.freedesktop.org/	supported	poppler	pkg install poppler	Verified official Termux package (poppler).	no	no	no
104	QPDF	qpdf	Document & Metadata Harvesting	Structural PDF Analysis	native	qpdf	qpdf	Command-line tool and C++ library for content-preserving transformations on PDF files.	verified	no	no	no	Linearizes, uncompresses streams, decrypts, and inspects internal object trees.	https://github.com/qpdf/qpdf	supported	qpdf	pkg install qpdf	Verified official Termux package (qpdf).	no	no	no
105	MuPDF mutool	mutool	Document & Metadata Harvesting	PDF & XPS Triage	native	mupdf-tools	mupdf-tools	Command-line tool for viewing, extracting, and manipulating PDF, XPS, and EPUB files.	verified	no	no	no	Extracts fonts, images, attachments, and repairs damaged cross-reference tables.	https://mupdf.com/	supported	mupdf-tools	pkg install mupdf-tools	Verified official Termux package (mupdf-tools).	no	no	no
106	Ripgrep	rg	Document & Metadata Harvesting	Text & Secret Search	native	ripgrep	ripgrep	Extremely fast line-oriented search tool that recursively searches directories for regex patterns.	verified	no	no	no	Searches extracted document text for passwords, tokens, API keys, and PII.	https://github.com/BurntSushi/ripgrep	supported	ripgrep	pkg install ripgrep	Verified official Termux package (ripgrep).	no	no	no
107	fd	fd	Document & Metadata Harvesting	Filesystem Discovery	native	fd	fd-find	Simple, fast and user-friendly alternative to find, respecting .gitignore automatically.	verified	no	no	no	Locates evidence files, document structures, and hidden directory trees.	https://github.com/sharkdp/fd	supported	fd	pkg install fd	Verified official Termux package (fd).	no	no	no
108	jq	jq	Document & Metadata Harvesting	Structured Data Query	native	jq	jq	Lightweight and flexible command-line JSON processor for filtering, mapping, and transforming data.	verified	no	no	no	Parses ExifTool JSON output, Subfinder dumps, and API response objects.	https://github.com/jqlang/jq	supported	jq	pkg install jq	Verified official Termux package (jq).	no	no	no
109	olevba	olevba	Document & Metadata Harvesting	Macro & OLE Analysis	pipx	oletools	oletools	Parses OLE and OpenXML files (Word, Excel, PowerPoint) to detect, extract, and analyze VBA macros.	verified	no	no	no	Deobfuscates malicious macro execution patterns, Shell commands, and AutoOpen triggers.	https://github.com/decalage2/oletools	supported	python	pip install oletools	Python package running in isolated Termux venv/userland.	no	no	no
110	oleid	oleid	Document & Metadata Harvesting	Macro & OLE Analysis	pipx	oletools	oletools	Analyzes OLE and MS Office files to identify suspicious characteristics, encryption, and embedded objects.	verified	no	no	no	Quick triage indicator for malicious Office documents.	https://github.com/decalage2/oletools	supported	python	pip install oletools	Python package running in isolated Termux venv/userland.	no	no	no
111	olemeta	olemeta	Document & Metadata Harvesting	Macro & OLE Analysis	pipx	oletools	oletools	Extracts standard and custom metadata from OLE files (author, last editor, revision, edit time).	verified	no	no	no	Exposes document authorship and edit timelines.	https://github.com/decalage2/oletools	supported	python	pip install oletools	Python package running in isolated Termux venv/userland.	no	no	no
112	docx2txt	docx2txt	Document & Metadata Harvesting	Text Extraction	native	docx2txt	docx2txt	Command-line utility that extracts text and embedded media directly from Microsoft docx files.	verified	no	no	no	Parses XML content stream without requiring Microsoft Office.	https://docx2txt.sourceforge.net/	untested	docx2txt	pkg install docx2txt	Untested package in Termux.	no	no	no
113	Antiword	antiword	Document & Metadata Harvesting	Legacy Document Extraction	native	antiword	antiword	Converts legacy binary MS Word documents (.doc) to plain text and PostScript format.	verified	no	no	no	Fast textual triage of older Office 97-2003 binary formats.	http://www.winfield.demon.nl/	untested	antiword	pkg install antiword	Untested package in Termux.	no	no	no
114	Catdoc	catdoc	Document & Metadata Harvesting	Legacy Document Extraction	native	catdoc	catdoc	Extracts readable text from MS-Word, MS-Excel (xls2csv), and PowerPoint (catppt) presentation files.	verified	no	no	no	Includes xls2csv and catppt for structured tabular and slide text extraction.	https://www.wagner.pp.ru/~vitus/software/catdoc/	untested	catdoc	pkg install catdoc	Untested package in Termux.	no	no	no
115	Pandoc	pandoc	Document & Metadata Harvesting	Universal Document Converter	native	pandoc	pandoc	Universal markup converter translating between Markdown, HTML, PDF, docx, EPUB, and LaTeX.	verified	no	no	no	Converts scraped pages and harvested reports into markdown or PDF documents.	https://github.com/jgm/pandoc	supported	pandoc	pkg install pandoc	Verified official Termux package (pandoc).	no	no	no
116	PeePDF	peepdf	Document & Metadata Harvesting	PDF Security Analysis	manual	manual	manual	Python tool to explore and analyze PDF files to check for suspicious elements, JavaScript, and shellcode.	manual	no	no	no	Interactive console for dissecting PDF streams and objects.	https://github.com/jesparza/peepdf	untested	peepdf	pkg install peepdf	Untested package in Termux.	no	no	no
117	PDFiD	pdfid	Document & Metadata Harvesting	PDF Security Analysis	manual	manual	manual	Scans a PDF file to look for suspicious elements such as /JavaScript, /Launch, /EmbeddedFile, and /OpenAction.	manual	no	no	no	Part of Didier Stevens suite; triage script for weaponized PDF files.	https://github.com/DidierStevens/DidierStevensSuite	untested	pdfid	pkg install pdfid	Untested package in Termux.	no	no	no
118	MAT2	mat2	OPSEC & Metadata Anonymization	Metadata Sanitization	native	mat2	mat2	Metadata Anonymisation Toolkit v2 supporting non-destructive cleaning across images, audio, and docs.	verified	no	no	no	Sanitizes EXIF, GPS, author, creation dates, and revisions from evidence copies.	https://0xacab.org/jvoisin/mat2	supported	mat2	pkg install mat2	Verified official Termux package (mat2).	no	no	no
119	Proxychains-NG	proxychains4	OPSEC & Metadata Anonymization	Network Routing & Proxy	native	proxychains-ng	proxychains4	Hooks network-related dynamic calls in dynamically linked programs and routes them through SOCKS/HTTP proxies.	verified	no	no	no	Enables strict chaining, dynamic chaining, and DNS tunneling over Tor or SOCKS5.	https://github.com/rofl0r/proxychains-ng	supported	proxychains-ng	pkg install proxychains-ng	Verified official Termux package (proxychains-ng).	no	no	no
120	Tor	tor	OPSEC & Metadata Anonymization	Anonymity Network	native	tor	tor	The Onion Router providing censorship resistance, encrypted multi-hop routing, and onion service access.	verified	no	no	no	Runs local SOCKS5 proxy (127.0.0.1:9050) for anonymous OSINT queries.	https://gitlab.torproject.org/tpo/core/tor	supported	tor	pkg install tor	Verified official Termux package (tor).	no	no	no
121	torsocks	torsocks	OPSEC & Metadata Anonymization	Anonymity Network	native	torsocks	torsocks	Wrapper to transparently route all network traffic of a command through the Tor network safely.	verified	no	no	no	Prevents DNS leaks and UDP packet escapes during command execution.	https://gitlab.torproject.org/tpo/core/torsocks	supported	torsocks	pkg install torsocks	Verified official Termux package (torsocks).	no	no	no
122	macchanger	macchanger	OPSEC & Metadata Anonymization	Link Layer Privacy	native	macchanger	macchanger	Utility for viewing and manipulating the MAC address of network interfaces.	verified	yes	no	yes	Randomizes layer-2 hardware address for physical network OPSEC.	https://github.com/alobbs/macchanger	untested	macchanger	pkg install macchanger	Untested package in Termux.	no	no	no
123	WireGuard	wg	OPSEC & Metadata Anonymization	Encrypted Tunneling	native	wireguard-tools	wireguard-tools	Fast and secure VPN tunnel utility using ChaCha20-Poly1305 cryptography.	verified	yes	no	no	Provides lightweight encrypted point-to-point tunnel interface management.	https://git.zx2c4.com/wireguard-tools/	untested	wg	pkg install wg	Untested package in Termux.	no	no	no
124	Privoxy	privoxy	OPSEC & Metadata Anonymization	Privacy Filtering Proxy	native	privoxy	privoxy	Non-caching web proxy with advanced filtering capabilities for enhancing privacy and modifying headers.	verified	no	no	no	Filters User-Agents, cookies, referrers, and forwards to Tor.	https://www.privoxy.org/	supported	privoxy	pkg install privoxy	Verified official Termux package (privoxy).	no	no	no
125	Cloudflared	cloudflared	OPSEC & Metadata Anonymization	DNS over HTTPS (DoH)	native	cloudflared	cloudflared	Cloudflare Tunnel client providing secure DNS over HTTPS (DoH) proxying to prevent local DNS inspection.	verified	no	no	no	Runs local encrypted DoH proxy on 127.0.0.1:53 or 5053.	https://github.com/cloudflare/cloudflared	supported	cloudflared	pkg install cloudflared	Verified official Termux package (cloudflared).	no	no	no
126	dnscrypt-proxy	dnscrypt-proxy	OPSEC & Metadata Anonymization	Encrypted DNS Protocol	native	dnscrypt-proxy	dnscrypt-proxy	Flexible DNS proxy communicating with secure resolvers supporting DNSCrypt and DNS-over-HTTPS.	verified	no	no	no	Provides DNS query anonymity, DNSSEC validation, and censorship bypass.	https://github.com/DNSCrypt/dnscrypt-proxy	supported	dnscrypt-proxy	pkg install dnscrypt-proxy	Verified official Termux package (dnscrypt-proxy).	no	no	no
127	Stubby	stubby	OPSEC & Metadata Anonymization	DNS over TLS (DoT)	native	stubby	stubby	Local DNS Privacy stub resolver that encrypts DNS queries using DNS-over-TLS (DoT).	verified	no	no	no	Prevents ISP eavesdropping and tampering of DNS queries.	https://github.com/getdnsapi/stubby	supported	stubby	pkg install stubby	Verified official Termux package (stubby).	no	no	no
128	OpenSSH	ssh	OPSEC & Metadata Anonymization	Encrypted Remote Shell & Dynamic Proxy	native	openssh	openssh-client	Premier connectivity tool for remote login and encrypted dynamic SOCKS proxy tunneling (-D).	verified	no	no	no	Creates instant SOCKS5 proxy via 'ssh -D 1080 -N user@remote'.	https://www.openssh.com/	supported	openssh	pkg install openssh	Verified official Termux package (openssh).	no	no	no
129	socat	socat	OPSEC & Metadata Anonymization	Multipurpose Relay	native	socat	socat	Multipurpose relay tool establishing two bidirectional byte streams across sockets, pipes, and SSL.	verified	no	no	no	Enables encrypted SSL port forwarding and local loopback redirects.	http://www.dest-unreach.org/socat/	supported	socat	pkg install socat	Verified official Termux package (socat).	no	no	no
130	Ncat	ncat	OPSEC & Metadata Anonymization	Network Read & Write	native	nmap	ncat	Modern reimplementation of Netcat supporting SSL, IPv6, SOCKS4/5 proxying, and connection brokering.	verified	no	no	no	Part of the Nmap project; supports encrypted TLS socket streams.	https://nmap.org/ncat/	supported	nmap	pkg install nmap	Verified official Termux package (nmap).	no	no	no
131	GnuPG	gpg	OPSEC & Metadata Anonymization	Cryptographic Signing & Encryption	native	gnupg	gnupg	Complete implementation of the OpenPGP standard for signing, encrypting, and verifying sensitive evidence.	verified	no	no	no	Protects evidence manifests and encrypted communications.	https://gnupg.org/	supported	gnupg	pkg install gnupg	Verified official Termux package (gnupg).	no	no	no
132	age	age	OPSEC & Metadata Anonymization	Modern File Encryption	native	age	age	Simple, modern and secure file encryption tool with small explicit keys (X25519) and no config.	verified	no	no	no	Fast, composable Unix-friendly file encryption alternative to GPG.	https://github.com/FiloSottile/age	supported	age	pkg install age	Verified official Termux package (age).	no	no	no
133	OpenSSL	openssl	OPSEC & Metadata Anonymization	Cryptographic Toolkit	native	openssl	openssl	Robust, commercial-grade cryptographic library and CLI toolkit for SSL/TLS, certificates, and ciphers.	verified	no	no	no	Checks remote TLS certificate chains, generates hashes, and handles keys.	https://github.com/openssl/openssl	supported	openssl	pkg install openssl	Verified official Termux package (openssl).	no	no	no
134	Secure Delete (srm)	srm	OPSEC & Metadata Anonymization	Secure Deletion	native	srm	secure-delete	Securely overwrites files and free disk space to prevent data recovery from magnetic/flash media.	verified	no	no	no	Multi-pass DoD/Gutmann file shredding utility.	https://sourceforge.net/projects/srm/	supported	secure-delete	pkg install secure-delete	Verified official Termux package (secure-delete).	no	no	no
135	SoX	sox	Media & Image Forensics	Audio & Spectrogram Analysis	native	sox	sox	Swiss Army knife of sound processing, converting formats and generating audio spectrograms for audio stego.	verified	no	no	no	Essential for extracting spectral watermarks and hidden frequencies from WAV/MP3 files.	https://sourceforge.net/projects/sox/	supported	sox	pkg install sox	Verified official Termux package (sox).	no	no	no
136	recoverjpeg	recoverjpeg	Media & Image Forensics	File Carving	native	recoverjpeg	recoverjpeg	Recovers JFIF (JPEG) pictures and MOV/AVI movies from raw disk images and unallocated blocks.	verified	no	no	no	Focused carving utility for damaged flash media and forensic bitstream images.	https://rfc1149.net/devel/recoverjpeg.html	untested	recoverjpeg	pkg install recoverjpeg	Untested package in Termux.	no	no	no
137	StegSnow	stegsnow	Media & Image Forensics	Whitespace Steganography	native	stegsnow	stegsnow	Conceals and extracts arbitrary payload messages in ASCII text by appending spaces and tabs at line ends.	verified	no	no	no	Classic text whitespace steganography analyzer and extractor.	http://www.darkside.com.au/snow/	supported	stegsnow	pkg install stegsnow	Verified official Termux package (stegsnow).	no	no	no
138	jsteg	jsteg	Media & Image Forensics	JPEG Steganography	native	jsteg	jsteg	Hides and reveals hidden data inside 1-bit DCT coefficients of standard JPEG images.	verified	no	no	no	DCT coefficient steganography detector and payload extractor.	https://github.com/lukechampine/jsteg	supported	jsteg	pkg install jsteg	Verified official Termux package (jsteg).	no	no	no
139	disktype	disktype	Media & Image Forensics	Disk & Partition Triage	native	disktype	disktype	Detects the format of a disk or disk image, identifying partition tables, filesystems, and bootloaders.	verified	no	no	no	Rapid non-destructive disk structure detection before file carving.	http://disktype.sourceforge.net/	supported	disktype	pkg install disktype	Verified official Termux package (disktype).	no	no	no
140	cabextract	cabextract	Document & Metadata Harvesting	Archive Decompression	native	cabextract	cabextract	Decompresses and extracts files from Microsoft cabinet (.cab) archives, self-extractors, and installer setups.	verified	no	no	no	Analyzes embedded installer payloads and Windows update packages.	https://www.cabextract.org.uk/	supported	cabextract	pkg install cabextract	Verified official Termux package (cabextract).	no	no	no
141	capa	capa	Document & Metadata Harvesting	Executable Capability Triage	pipx	flare-capa	flare-capa	Identifies capabilities in executable files using the FLARE rule ecosystem to map ATT&CK tactics.	verified	no	no	no	Automated malware and embedded binary capability analysis without dynamic detonation.	https://github.com/mandiant/capa	supported	python	pip install flare-capa	Python package running in isolated Termux venv/userland.	no	no	no
142	FLOSS	floss	Document & Metadata Harvesting	Deobfuscated String Extraction	pipx	flare-floss	flare-floss	FLARE Obfuscated String Solver: automatically extracts obfuscated, tight, and stack strings from binaries.	verified	no	no	no	Static deobfuscation engine for revealing hidden C2 domains and config blocks.	https://github.com/mandiant/flare-floss	supported	python	pip install flare-floss	Python package running in isolated Termux venv/userland.	no	no	no
143	checkdmarc	checkdmarc	Email, Breach & Leak Intelligence	Email Authentication Triage	pipx	checkdmarc	checkdmarc	Parses and validates SPF, DMARC, DKIM, MTA-STS, and BIMI DNS records for an email domain.	verified	no	no	no	Validates spoofing risk and corporate mail security posture.	https://github.com/domainaware/checkdmarc	supported	python	pip install checkdmarc	Python package running in isolated Termux venv/userland.	no	no	no
144	pwnedornot	pwnedornot	Email, Breach & Leak Intelligence	Breach Exposure Lookup	pipx	pwnedornot	pwnedornot	Queries HaveIBeenPwned API v3 to discover compromised passwords, paste exposures, and breach details.	verified	no	yes	no	API-driven breach auditing. Requires valid HIBP API token.	https://github.com/thewhiteh4t/pwnedOrNot	supported	python	pip install pwnedornot	Python package running in isolated Termux venv/userland.	no	no	no
145	CrossLinked	crosslinked	Email, Breach & Leak Intelligence	Corporate Employee OSINT	pipx	crosslinked	crosslinked	LinkedIn employee enumeration tool using search engine scraping to discover organizational email patterns.	verified	no	no	no	Passive search-engine scraping without direct LinkedIn session authentication.	https://github.com/m8sec/CrossLinked	supported	python	pip install crosslinked	Python package running in isolated Termux venv/userland.	no	no	no
146	tcpprep	tcpprep	Network, PCAP & Wireless Forensics	PCAP Splitting & Preprocessing	native	tcpreplay	tcpreplay	Preprocesses PCAP files to separate traffic into client and server flows for deterministic replay.	verified	no	no	no	Flow classifier for bidirectional PCAP analysis.	https://tcpreplay.appneta.com/	untested	tcpprep	pkg install tcpprep	Untested package in Termux.	no	no	no
147	dumpcap	dumpcap	Network, PCAP & Wireless Forensics	Raw High-Speed Packet Capture	native	wireshark	wireshark-common	Lightweight, highly optimized raw network packet capture engine with minimal memory footprint.	verified	yes	no	no	Underlying packet capture daemon for Wireshark and TShark.	https://www.wireshark.org/docs/man-pages/dumpcap.html	supported	tshark	pkg install tshark	Verified official Termux package (tshark).	no	no	no
148	puredns	puredns	Domain, DNS & Infrastructure Intelligence	Mass DNS Resolver	go	puredns	puredns	Fast domain resolver and active subdomain brute-forcer that cleans wildcard DNS and validates public resolvers.	verified	no	no	no	Accurate mass DNS resolution with automated wildcard record suppression.	https://github.com/d3mondev/puredns	supported	golang	go install puredns	Compiled natively via Termux Go toolchain into $HOME/go/bin.	no	no	no
149	alterx	alterx	Domain, DNS & Infrastructure Intelligence	Subdomain Permutation	go	alterx	alterx	Fast and customizable subdomain wordlist generator using regex patterns and word permutations.	verified	no	no	no	Generates target-specific mutated subdomain candidate lists.	https://github.com/projectdiscovery/alterx	supported	golang	go install alterx	Compiled natively via Termux Go toolchain into $HOME/go/bin.	no	no	no
150	cero	cero	Domain, DNS & Infrastructure Intelligence	TLS Certificate Scraping	go	cero	cero	Scrapes Subject Alternative Names (SAN) and Common Names from SSL/TLS certificates across IP ranges.	verified	no	no	no	Fast infrastructure mapping via live TLS certificate inspection.	https://github.com/glebarez/cero	supported	golang	go install cero	Compiled natively via Termux Go toolchain into $HOME/go/bin.	no	no	no
151	cloud_enum	cloud_enum	Domain, DNS & Infrastructure Intelligence	Multi-Cloud Bucket Enumerator	pipx	cloud-enum	cloud-enum	Multi-cloud OSINT tool that enumerates public resources in AWS (S3, Apps), Azure (Blobs, Tables), and GCP.	verified	no	no	no	Passive and permutation-based discovery of exposed cloud storage buckets.	https://github.com/initstring/cloud_enum	supported	python	pip install cloud-enum	Python package running in isolated Termux venv/userland.	no	no	no
152	TraceForge Native Tools	traceforge-native	First-Party Suite Native Tools	Core Forensics & Normalization Engine	go	traceforge-native	traceforge-native	First-party native CLI engine for graph generation, snapshot diffing, streaming IOC extraction, log triage, timeline normalization, and case packaging.	verified	no	no	no	High-performance native Go toolkit built directly into TraceForge.	https://github.com/paman7647/TraceForge	supported	golang	cd go && go build -o $PREFIX/bin/traceforge-native .	TraceForge native Go/Python engine built for Termux.	no	no	no
153	VirusTotal CLI	vt	Threat Intelligence & Passive DNS	Multi-Engine Malware & IOC Analysis	go	vt-cli	vt-cli	Command-line interface for VirusTotal v3 API querying hashes, IPs, domains, and URLs.	verified	no	yes	no	Official VirusTotal CLI. Requires VT_API_KEY.	https://github.com/VirusTotal/vt-cli	supported	golang	go install github.com/VirusTotal/vt-cli/vt@latest	Compiled via Termux Go	no	yes	no
154	AlienVault OTX CLI	otx	Threat Intelligence & Passive DNS	Threat Intelligence Feeds	pipx	otx-cli	otx-cli	Queries Open Threat Exchange for pulses, adversary indicators, and malware families.	verified	no	yes	no	AlienVault OTX API integration. Requires ALIENVAULT_OTX_KEY.	https://github.com/AlienVault-OTX/OTX-Python-SDK	supported	python	pip install OTX-Python-SDK	Python package running in isolated Termux venv/userland.	no	yes	no
155	URLScan CLI	urlscan	Threat Intelligence & Passive DNS	Web Page & DOM Threat Triage	pipx	urlscan-py	urlscan-py	Command-line client for urlscan.io to submit and query automated web page scans and DOM snapshots.	verified	no	optional	no	Inspects outbound requests, IP ASN, and JavaScript redirects.	https://github.com/ActiveScaffold/urlscan-py	supported	python	pip install urlscan-py	Python package running in isolated Termux venv/userland.	no	no	no
156	IPinfo CLI	ipinfo	Threat Intelligence & Passive DNS	Geolocation & ASN Lookup	go	ipinfo-cli	ipinfo-cli	High-accuracy IP geolocation, BGP routing, ASN, and company registry lookup tool.	verified	no	optional	no	Official IPinfo CLI. Supports bulk IP queries.	https://github.com/ipinfo/cli	supported	golang	go install github.com/ipinfo/cli/ipinfo@latest	Compiled via Termux Go	no	no	no
157	AbuseIPDB CLI	abuseipdb	Threat Intelligence & Passive DNS	IP Reputation & Abuse Reports	pipx	abuseipdb-wrapper	abuseipdb-wrapper	Checks IP addresses against the AbuseIPDB blacklist and community reports of malicious traffic.	verified	no	yes	no	Requires ABUSEIPDB_API_KEY.	https://github.com/Ares-G/abuseipdb-wrapper	supported	python	pip install abuseipdb-wrapper	Python package running in isolated Termux venv/userland.	no	yes	no
158	ASNLookup	asnlookup	Threat Intelligence & Passive DNS	BGP & ASN Mapping	pipx	asnlookup	asnlookup	Discovers autonomous system numbers, network prefixes, and IP CIDR allocations for organizations.	verified	no	no	no	Fast IP prefix and BGP routing explorer.	https://github.com/yassineaboukir/asnlookup	supported	python	pip install asnlookup	Python package running in isolated Termux venv/userland.	no	no	no
159	Cloudlist	cloudlist	Cloud & Attack Surface Exposure	Multi-Cloud Asset Discovery	go	cloudlist	cloudlist	Discovers and indexes assets, instances, and DNS records across AWS, Azure, GCP, and DigitalOcean.	verified	no	yes	no	ProjectDiscovery multi-cloud inventory tool.	https://github.com/projectdiscovery/cloudlist	supported	golang	go install github.com/projectdiscovery/cloudlist/cmd/cloudlist@latest	Compiled via Termux Go	no	yes	no
160	Bucket Stream	bucket-stream	Cloud & Attack Surface Exposure	Certificate Transparency S3 Discovery	pipx	bucket-stream	bucket-stream	Finds exposed Amazon S3 buckets by watching and analyzing Certificate Transparency logs in real-time.	verified	no	no	no	Passive discovery of cloud buckets via SSL/TLS cert streams.	https://github.com/EthicalDefensives/bucket-stream	supported	python	pip install bucket-stream	Python package running in isolated Termux venv/userland.	no	no	no
161	GitHound	git-hound	Cloud & Attack Surface Exposure	GitHub Repository Recon	go	git-hound	git-hound	Pinpoints exposed credentials and sensitive API keys across GitHub using code search patterns.	verified	no	yes	no	Requires GITHUB_TOKEN for search API rate limits.	https://github.com/tillson/git-hound	supported	golang	go install github.com/tillson/git-hound@latest	Compiled via Termux Go	no	yes	no
162	FestIn	festin	Cloud & Attack Surface Exposure	S3 Bucket Recon via Web Crawling	pipx	festin	festin	Discovers open S3 buckets by crawling web pages, JS files, and DNS CNAME records.	verified	no	no	no	Automated website-to-S3 bucket relationship mapper.	https://github.com/cr0hn/festin	supported	python	pip install festin	Python package running in isolated Termux venv/userland.	no	no	no
163	TxFetch	txfetch	Financial, Blockchain & Crypto OSINT	Multi-Chain Transaction Tracing	pipx	txfetch	txfetch	Fetches, inspects, and parses cryptocurrency transactions and wallet balances across blockchains.	verified	no	no	no	CLI for multi-network crypto transaction retrieval.	https://github.com/xaynov-osint/txfetch	supported	python	pip install txfetch	Python package running in isolated Termux venv/userland.	no	no	no
164	Blockstream CLI	blockstream-cli	Financial, Blockchain & Crypto OSINT	Bitcoin Ledger Analysis	pipx	blockstream-cli	blockstream-cli	Queries the Bitcoin blockchain via Blockstream.info API for address balances, UTXOs, and tx graphs.	verified	no	no	no	Non-custodial Bitcoin block explorer CLI.	https://github.com/Blockstream/esplora	supported	python	pip install blockstream-cli	Python package running in isolated Termux venv/userland.	no	no	no
165	Etherscan CLI	etherscan-cli	Financial, Blockchain & Crypto OSINT	Ethereum Smart Contract & Wallet OSINT	pipx	etherscan-cli	etherscan-cli	Queries Ethereum wallets, ERC-20 token transfers, and contract source code via Etherscan.	verified	no	optional	no	Supports ETHERSCAN_API_KEY for higher throughput.	https://github.com/etherscan/etherscan-cli	supported	python	pip install etherscan-cli	Python package running in isolated Termux venv/userland.	no	no	no
166	CryptoAddress	crypto-check	Financial, Blockchain & Crypto OSINT	Wallet Address Validation	pipx	cryptoaddress	cryptoaddress	Validates, identifies, and decodes Bitcoin, Ethereum, Monero, and 50+ crypto wallet addresses.	verified	no	no	no	Standalone offline checksum and currency identifier.	https://github.com/kieranm/cryptoaddress	supported	python	pip install cryptoaddress	Python package running in isolated Termux venv/userland.	no	no	no
167	WiGLE WiFi CLI	wigle-api	Geospatial, Wireless & IoT Intelligence	Wireless Geolocation Mapping	pipx	pywigle	pywigle	Queries the WiGLE wireless database to geolocate WiFi BSSIDs, SSIDs, and cellular cell towers.	verified	no	yes	no	Requires WIGLE_API_KEY and WIGLE_NAME.	https://github.com/pashorts/pywigle	supported	python	pip install pywigle	Python package running in isolated Termux venv/userland.	no	yes	no
168	SunCalc CLI	suncalc	Geospatial, Wireless & IoT Intelligence	Shadow & Chronolocation Analysis	pipx	suncalc	suncalc	Calculates sun position, sunlight phases, and shadow angles for precise photographic chronolocation.	verified	no	no	no	Essential for photo verification and time-of-day OSINT.	https://github.com/mourner/suncalc	supported	python	pip install suncalc	Python package running in isolated Termux venv/userland.	no	no	no
169	Overpass CLI	overpass-cli	Geospatial, Wireless & IoT Intelligence	OpenStreetMap Query Engine	pipx	overpass	overpass	Executes Overpass QL queries against OpenStreetMap to discover buildings, infrastructure, and roads.	verified	no	no	no	Geospatial feature discovery for GEOINT investigations.	https://github.com/miku/overpass	supported	python	pip install overpass	Python package running in isolated Termux venv/userland.	no	no	no
170	Bettercap	bettercap	Geospatial, Wireless & IoT Intelligence	Wireless & BLE Reconnaissance	native	bettercap	bettercap	Swiss Army knife for WiFi network scanning, BLE device discovery, and wireless packet triage.	verified	yes	no	yes	Advanced 802.11 and Bluetooth LE packet auditing.	https://github.com/bettercap/bettercap	supported	bettercap	pkg install bettercap	Verified official Termux package (bettercap).	yes	no	yes
171	RTL-SDR Tools	rtl_433	Geospatial, Wireless & IoT Intelligence	Radio Frequency & IoT Telemetry	native	rtl_433	rtl_433	Generic data receiver for 433.92 MHz, 868 MHz, and 915 MHz sensors, TPMS, and weather stations.	verified	no	no	yes	Decodes wireless IoT and industrial sensors via SDR.	https://github.com/merbanan/rtl_433	supported	rtl_433	pkg install rtl_433	Verified official Termux package (rtl_433).	no	no	yes
172	WaybackPy	waybackpy	Public Records, Corporate & Darknet OSINT	Web Archival & History Retrieval	pipx	waybackpy	waybackpy	Queries and retrieves historical snapshots of web pages from the Internet Archive Wayback Machine.	verified	no	no	no	Retrieves deleted content and historical domain changes.	https://github.com/akamhy/waybackpy	supported	python	pip install waybackpy	Python package running in isolated Termux venv/userland.	no	no	no
173	SEC-EDGAR-Downloader	sec-edgar	Public Records, Corporate & Darknet OSINT	SEC Corporate Filings Discovery	pipx	sec-edgar-downloader	sec-edgar-downloader	Downloads SEC 10-K, 10-Q, 8-K, and Form 4 corporate regulatory filings by ticker or CIK number.	verified	no	no	no	Corporate financial intelligence and ownership discovery.	https://github.com/jadchaar/sec-edgar-downloader	supported	python	pip install sec-edgar-downloader	Python package running in isolated Termux venv/userland.	no	no	no
174	OpenCorporates CLI	opencorporates	Public Records, Corporate & Darknet OSINT	Corporate Registry Search	pipx	opencorporates	opencorporates	Searches global company registrations, officer names, and registered agents across 140+ jurisdictions.	verified	no	optional	no	Company ownership and corporate structure OSINT.	https://github.com/opencorporates/opencorporates-python	supported	python	pip install opencorporates	Python package running in isolated Termux venv/userland.	no	no	no
175	OnionScan	onionscan	Public Records, Corporate & Darknet OSINT	Darknet & Hidden Service Forensics	go	onionscan	onionscan	Scans Tor hidden services (.onion) for IP leaks, exposed server banners, and correlating PGP keys.	verified	no	no	no	Dark web security and identity correlation tool.	https://github.com/s-rah/onionscan	supported	golang	go install github.com/s-rah/onionscan@latest	Compiled natively via Termux Go toolchain into $HOME/go/bin.	no	no	no

